标题,作者,播放量
新西兰自然风光美景和轻音乐,乐高积木空间,761
夕阳下的大树自然风光美景,蕊蕊看世界,184
美丽的风景，一路风景，美不胜收,综艺视界,148
自然风光美景 音乐 长调,多想听你唱首歌,2010
新西兰自然风光美景,金盾,801
棉花堡自然风光美景,一样的月光,299
想看自然风光美景的来,鄄涓,162
俄勒冈州喀斯喀特山自然风光美景,异域枫情,742
云南旅游景点风景视频,花与猫的故事,249
云南旅游景点风景视频,最爱喵的一家人,224
云南旅游景点风景视频,周杰伦小迷妹,190
航拍四川大山中的美丽家乡，飞越大山，带你欣赏不一样的农村风景,美村视频,85
自然风光美景图！,神经浪游者,233
风景速写教你画风景速写中的大石头,美术空间站,296
享受旅途美景，感受自然风光,小脚爱娱乐,23
云南，香格里拉的美景，国内景色不逊境外的风景,秀色可餐,6181
波斯尼亚，自然风光美景,畅游全球,92
甘肃自然风光 冰川丹霞 所有美景尽收眼底,型男走在路上看风景,112
旅游风光：俯瞰希腊美景 享受自然风光,奶昔爱娱十点半,91
航拍四川大山中的美丽家乡，飞越大山，带你欣赏不一样的农村风景,美村视频,85
中国各著名景点摄影美景,畅游全球,57
青海景点旅游风光,带你飞越太平洋,302
风景速写教你画风景速写，超简单,美术空间站,755
大美林芝风景 西藏林芝风景,娇颜狐,1698
上海外滩风景,SNCEL视频,4万
水彩风景夕阳美景,艺伙V课,552
高清风景图片赏析：扬州风景,最荒凉的沙漠,754
湖南的这个侗族村庄不但风景优美而且历史文化古迹众多也有点神秘,阿华杂谈,17
四川省江油市明月岛公园的美丽风景,绿鲤鱼与驴zz,0
视频美景，太湖风光,三生三世烟火,276
风景欣赏天津蓟县盘山风景,老湛闲娱,1791
相约上海周边游 风景名胜怡心情,看看新闻,0
自然风光、风景延时摄影,即时视野,186
风景视频：带你去旅行，体验不一样的风景,教养是什么,77
三亚著名景点蜈支洲岛海边景色,羽毛球之友,3077
台湾省垦丁风景 景色美丽,弧铿,63
陕西省汉中市大山里的风景，配上这个音乐，美的让人窒息,知心爱人婚庆传媒,1
草原寻秋之旅，城市SUV穿越如画风景，不愧是一代神车,慢点视频,8
许昌风景西区美景,SNCEL视频,1985
浙江风景：奉化溪口风景,白术,975
内蒙古包头九峰山自然风光的双塔景色,聊胜,37
广东风景：广州增城风景,童宝每天的有趣视频,2264
风景欣赏湖北利川风光,老湛闲娱,1726
高原之宝-草原上的风景,中国移动天上西藏,73
高清风景图片赏析：周庄风景,我相信自由,83
原来风景还可以这么美！《V拉力赛车4》快来看看公园,锐派游戏Replays,12
开车遇见的风景！风景这里独好！,茄子影视,83
新疆风景：喀什风景,感情号,1116
随手拍的一段风景,放逐的怪咖,517
有山有水好风景,唐尧毛竹,1
许昌风景-鹿鸣湖美景,SNCEL视频,677
风景赏析：泰山旅游风景,朝朝暮暮的视界,862
风景视频，旅游风光！,以其有,100
贵州风景：织金洞风景,感情号,469
风景实拍自然景色花鸟,愉愈,99
航拍旅途风景，乡村景色,小妮爱分享,49
美好的风景,身边随意风,49
海边景色，风光无限,婷儿影娱,3万
美好的风景,TT浅笑,25
风景一般,车影联盟,12
意大利风景：庞贝古城风景,爱笑爱酷,37
贵州沿路风景，在外打拼的你想念家乡的风景么,都云湾,0
马尔代夫：海底世界音乐风景,恍如隔世阑珊,135
路上美丽风景 双虹,360行车记录仪,40
云南风景：丽江古城风景,童宝每天的有趣视频,501
香港的摩天轮，长这么大第一次玩，上到顶端的风景最好,小弟啦,1
白墙黛瓦风景宜人，美丽乡村，每一处都是风景真好看！,贰菜一汤,204
写实油画风景,艺考查查,96
瑞士风景：伯尔尼风景,童宝每天的有趣视频,969
休斯敦风光风景音乐,恍如隔世阑珊,233
西藏风景：扎尕那风景,宝宝的日常生活记录,235
水彩风景长城风景,艺伙V课,412
庐山西海风景,开心,107
广西风景：姑婆山风景,宝宝的日常生活记录,863
画风景画最重要的是对准景物的轮廓！,碎沫简笔画,5647
四川风景：西岭雪山风景,宝宝的日常生活记录,371
龙鳌河风景,单位趣事,85
四川风景：西岭雪山风景,宝宝的日常生活记录,371
西藏风景：岗巴日出风景,未央前程,125
被遗忘的风景,西北骄,15
花园的风景,一段不合适,325
西藏风景：思金拉措风景,爱笑爱酷,597
龙鳌河风景,单位趣事,85
风景太好了农村风光,平南美食,26
王阳明_眼前风景三尺，心里的风景六丈_1,口袋里有笑话,42
恋恋风景《颤抖吧阿部之朵星风云》片尾曲安悦溪 郑业成,酷儿新歌分享,8
风景在远方,提着单反看世界,35
铅笔风景画教学小镇景色,梅梅的绘画小室,1万
大理苍山风景,农村帽子哥,117
风景：毛里求斯风景图集,天空之美丽,322
香格里拉风景,小费观世界,66
瑞士风景：图恩湖风景,白术,315
铅笔风景画，码头风光,梅梅的绘画小室,638
张家界风景,在线视频播放,274
用我们的手机也能拍出美丽的风景，关键是记住这几个要点,超级点子王,26
南非风景：德拉肯斯风景,pinkboy,26
新西兰自然风光美景和轻音乐,乐高积木空间,761
夕阳下的大树自然风光美景,蕊蕊看世界,184
美丽的风景，一路风景，美不胜收,综艺视界,148
自然风光美景 音乐 长调,多想听你唱首歌,2010
新西兰自然风光美景,金盾,801
棉花堡自然风光美景,一样的月光,299
想看自然风光美景的来,鄄涓,162
俄勒冈州喀斯喀特山自然风光美景,异域枫情,742
云南旅游景点风景视频,花与猫的故事,249
云南旅游景点风景视频,最爱喵的一家人,224
云南旅游景点风景视频,周杰伦小迷妹,190
航拍四川大山中的美丽家乡，飞越大山，带你欣赏不一样的农村风景,美村视频,87
自然风光美景图！,神经浪游者,233
风景速写教你画风景速写中的大石头,美术空间站,296
享受旅途美景，感受自然风光,小脚爱娱乐,23
云南，香格里拉的美景，国内景色不逊境外的风景,秀色可餐,6181
波斯尼亚，自然风光美景,畅游全球,92
甘肃自然风光 冰川丹霞 所有美景尽收眼底,型男走在路上看风景,112
旅游风光：俯瞰希腊美景 享受自然风光,奶昔爱娱十点半,91
新西兰自然风光美景和轻音乐,乐高积木空间,761
夕阳下的大树自然风光美景,蕊蕊看世界,184
美丽的风景，一路风景，美不胜收,综艺视界,148
自然风光美景 音乐 长调,多想听你唱首歌,2010
新西兰自然风光美景,金盾,801
棉花堡自然风光美景,一样的月光,299
想看自然风光美景的来,鄄涓,162
俄勒冈州喀斯喀特山自然风光美景,异域枫情,742
云南旅游景点风景视频,花与猫的故事,249
云南旅游景点风景视频,最爱喵的一家人,224
云南旅游景点风景视频,周杰伦小迷妹,190
航拍四川大山中的美丽家乡，飞越大山，带你欣赏不一样的农村风景,美村视频,87
自然风光美景图！,神经浪游者,233
风景速写教你画风景速写中的大石头,美术空间站,296
享受旅途美景，感受自然风光,小脚爱娱乐,23
云南，香格里拉的美景，国内景色不逊境外的风景,秀色可餐,6181
波斯尼亚，自然风光美景,畅游全球,92
甘肃自然风光 冰川丹霞 所有美景尽收眼底,型男走在路上看风景,112
旅游风光：俯瞰希腊美景 享受自然风光,奶昔爱娱十点半,91
新西兰自然风光美景和轻音乐,乐高积木空间,761
夕阳下的大树自然风光美景,蕊蕊看世界,184
美丽的风景，一路风景，美不胜收,综艺视界,148
自然风光美景 音乐 长调,多想听你唱首歌,2010
新西兰自然风光美景,金盾,801
棉花堡自然风光美景,一样的月光,299
想看自然风光美景的来,鄄涓,162
俄勒冈州喀斯喀特山自然风光美景,异域枫情,742
云南旅游景点风景视频,花与猫的故事,249
云南旅游景点风景视频,最爱喵的一家人,224
云南旅游景点风景视频,周杰伦小迷妹,190
航拍四川大山中的美丽家乡，飞越大山，带你欣赏不一样的农村风景,美村视频,87
自然风光美景图！,神经浪游者,233
风景速写教你画风景速写中的大石头,美术空间站,296
享受旅途美景，感受自然风光,小脚爱娱乐,23
云南，香格里拉的美景，国内景色不逊境外的风景,秀色可餐,6181
波斯尼亚，自然风光美景,畅游全球,92
甘肃自然风光 冰川丹霞 所有美景尽收眼底,型男走在路上看风景,112
旅游风光：俯瞰希腊美景 享受自然风光,奶昔爱娱十点半,91
雪山风光美景,肖肖大城小事,77
中国各著名景点摄影美景,畅游全球,57
风景速写教你画风景速写，超简单,美术空间站,755
青海景点旅游风光,带你飞越太平洋,302
大美林芝风景 西藏林芝风景,娇颜狐,1698
上海外滩风景,SNCEL视频,4万
高清风景图片赏析：扬州风景,最荒凉的沙漠,754
水彩风景夕阳美景,艺伙V课,552
自然风光、风景延时摄影,即时视野,186
风景欣赏天津蓟县盘山风景,老湛闲娱,1791
湖南的这个侗族村庄不但风景优美而且历史文化古迹众多也有点神秘,阿华杂谈,17
四川省江油市明月岛公园的美丽风景,绿鲤鱼与驴zz,0
台湾省垦丁风景 景色美丽,弧铿,63
陕西省汉中市大山里的风景，配上这个音乐，美的让人窒息,知心爱人婚庆传媒,1
视频美景，太湖风光,三生三世烟火,276
风景是风景的背景，花开是花开的季节,杰出生活,50
许昌风景西区美景,SNCEL视频,1985
风景视频：带你去旅行，体验不一样的风景,教养是什么,77
草原寻秋之旅，城市SUV穿越如画风景，不愧是一代神车,慢点视频,15
风景欣赏湖北利川风光,老湛闲娱,1726
风景是风景的背景，花开是花开的季节,杰出生活,50
内蒙古包头九峰山自然风光的双塔景色,聊胜,37
草原寻秋之旅，城市SUV穿越如画风景，不愧是一代神车,慢点视频,15
广东风景：广州增城风景,童宝每天的有趣视频,2264
风景欣赏湖北利川风光,老湛闲娱,1726
高清风景图片赏析：周庄风景,我相信自由,83
原来风景还可以这么美！《V拉力赛车4》快来看看公园,锐派游戏Replays,16
新疆风景：喀什风景,感情号,1116
随手拍的一段风景,放逐的怪咖,517
许昌风景-鹿鸣湖美景,SNCEL视频,677
风景赏析：泰山旅游风景,朝朝暮暮的视界,862
风景视频，旅游风光！,以其有,100
贵州风景：织金洞风景,感情号,469
风景实拍自然景色花鸟,愉愈,99
航拍旅途风景，乡村景色,小妮爱分享,49
美好的风景,身边随意风,49
有山有水好风景,唐尧毛竹,1
海边景色，风光无限,婷儿影娱,3万
美好的风景,TT浅笑,25
风景一般,车影联盟,12
意大利风景：庞贝古城风景,爱笑爱酷,37
马尔代夫：海底世界音乐风景,恍如隔世阑珊,135
路上美丽风景 双虹,360行车记录仪,40
贵州沿路风景，在外打拼的你想念家乡的风景么,都云湾,0
云南风景：丽江古城风景,童宝每天的有趣视频,501
白墙黛瓦风景宜人，美丽乡村，每一处都是风景真好看！,贰菜一汤,204
香港的摩天轮，长这么大第一次玩，上到顶端的风景最好,小弟啦,1
写实油画风景,艺考查查,96
瑞士风景：伯尔尼风景,童宝每天的有趣视频,969
休斯敦风光风景音乐,恍如隔世阑珊,233
西藏风景：扎尕那风景,宝宝的日常生活记录,235
水彩风景长城风景,艺伙V课,412
庐山西海风景,开心,107
生活分享：从友谊医院开始到王府井，一路风景记录，逛北京夜市！,曦酱的生活分享,4
广西风景：姑婆山风景,宝宝的日常生活记录,863
画风景画最重要的是对准景物的轮廓！,碎沫简笔画,5649
四川风景：西岭雪山风景,宝宝的日常生活记录,371
龙鳌河风景,单位趣事,85
南滨路风景,爱分享达人,224
西藏风景：思金拉措风景,爱笑爱酷,597
航拍度假村风景，乡村景色,小妮爱分享,33
西藏风景：岗巴日出风景,未央前程,125
被遗忘的风景,西北骄,15
风景太好了农村风光,平南美食,26
花园的风景,一段不合适,325
风景在远方,提着单反看世界,35
风景：毛里求斯风景图集,天空之美丽,322
瑞士风景：图恩湖风景,白术,315
甘肃风景：阿万仓风景,感情号,376
大理苍山风景,农村帽子哥,117
布达拉宫风景,搞笑的女神宝宝爱上网,65
香格里拉风景,小费观世界,66
铅笔风景画，码头风光,梅梅的绘画小室,644
张家界风景,在线视频播放,274
路上美丽风景 想调头？这条路这辈子都不可能调头,夏爱话残,0
用我们的手机也能拍出美丽的风景，关键是记住这几个要点,超级点子王,27
鸡鸣岛风景,精彩小集,104
甘肃风景：阿万仓风景,感情号,376
张家界风景,卖得一首好萌,170
恋恋风景《颤抖吧阿部之朵星风云》片尾曲安悦溪 郑业成,酷儿新歌分享,8
上海外滩风景,成熟真诚的心,281
西藏风景：冰雪风景,感情号,66
西藏风景：思金拉措风景 0,这里住着预言家,89
鸡鸣岛风景,精彩小集,104
国外优秀铅笔风景画欣赏《湖边景色》,梅梅的绘画小室,1885
布达拉宫风景,搞笑的女神宝宝爱上网,65
安徽风景：黄山风景,我是可爱小天使,183
四川风景：米亚罗风景,童宝每天的有趣视频,699
最贵的瀑布一小时800元水电费，场面壮观，网友：煞人的风景,一棵树看视界,1
韩国风景：济州岛风景,pinkboy,420
石刀山风景,东227080369,149
神农架风景,神农架逸林居,3655
韩国风景：济州岛风景,pinkboy,420
武功山风景,玩走户外,420
世界风景：新西兰风景,我是可爱小天使,76
在双凤看合肥风景,一剑无血,92
长江口风景,农民视野,87
竹筏体验，欣赏全程风景，可惜有点雾霾，不过小伙伴们还是很开心,纪录人生,16
沙漠里别样的风景，成为众人都惊叹的造诣,子夜佳歌落,0
图恩湖风景,朝朝暮暮的视界,30
雪山飞狐风景,微课堂小龙,70
风景延时摄影,传媒青年WHUC,46
竹筏体验，欣赏全程风景，可惜有点雾霾，不过小伙伴们还是很开心,纪录人生,16
加拿大落基山迷人风景风景 & 音乐短片,抗拒诱惑,91
好风景在路上｜四川省阿坝藏族羌族自治州若尔盖县路边美丽风景,西双后院,61
美国风景：华盛顿风景,张聊会计做账的步骤,522
醴陵市风景,傲世音乐,487
夏日纳凉 热舞成风景,梦泽晨歌,19
第一次听就彻底爱上了！都是最近网络上的神曲,风景精选,15
建筑工地，风景,嘻嘻小段子,119
南岸嘴风景,休闲娱乐看世界,43
日本风景：奈良风景,pinkboy,193
黔西南风景,胜钰土豆1573,769
风景好美配上风景,雨田看世界,143
日本风景：宫岛风景,未央前程,79
捷克风景：卡罗维发利风景,白术,128
海岸线美景风光，好美！,看起来不一般,65
,,
,,
,,
西河风景,趣传播,5
新西兰自然风光美景和轻音乐,乐高积木空间,761
夕阳下的大树自然风光美景,蕊蕊看世界,184
美丽的风景，一路风景，美不胜收,综艺视界,148
自然风光美景 音乐 长调,多想听你唱首歌,2010
新西兰自然风光美景,金盾,801
棉花堡自然风光美景,一样的月光,299
想看自然风光美景的来,鄄涓,162
俄勒冈州喀斯喀特山自然风光美景,异域枫情,742
云南旅游景点风景视频,花与猫的故事,249
云南旅游景点风景视频,最爱喵的一家人,224
云南旅游景点风景视频,周杰伦小迷妹,190
航拍四川大山中的美丽家乡，飞越大山，带你欣赏不一样的农村风景,美村视频,87
自然风光美景图！,神经浪游者,233
风景速写教你画风景速写中的大石头,美术空间站,296
享受旅途美景，感受自然风光,小脚爱娱乐,23
云南，香格里拉的美景，国内景色不逊境外的风景,秀色可餐,6181
波斯尼亚，自然风光美景,畅游全球,92
甘肃自然风光 冰川丹霞 所有美景尽收眼底,型男走在路上看风景,112
旅游风光：俯瞰希腊美景 享受自然风光,奶昔爱娱十点半,91
中国各著名景点摄影美景,畅游全球,57
航拍四川大山中的美丽家乡，飞越大山，带你欣赏不一样的农村风景,美村视频,87
青海景点旅游风光,带你飞越太平洋,302
风景速写教你画风景速写，超简单,美术空间站,755
大美林芝风景 西藏林芝风景,娇颜狐,1698
上海外滩风景,SNCEL视频,4万
水彩风景夕阳美景,艺伙V课,552
高清风景图片赏析：扬州风景,最荒凉的沙漠,754
湖南的这个侗族村庄不但风景优美而且历史文化古迹众多也有点神秘,阿华杂谈,17
视频美景，太湖风光,三生三世烟火,276
风景欣赏天津蓟县盘山风景,老湛闲娱,1791
四川省江油市明月岛公园的美丽风景,绿鲤鱼与驴zz,0
陕西省汉中市大山里的风景，配上这个音乐，美的让人窒息,知心爱人婚庆传媒,1
自然风光、风景延时摄影,即时视野,186
风景视频：带你去旅行，体验不一样的风景,教养是什么,77
三亚著名景点蜈支洲岛海边景色,羽毛球之友,3077
台湾省垦丁风景 景色美丽,弧铿,63
相约上海周边游 风景名胜怡心情,看看新闻,0
许昌风景西区美景,SNCEL视频,1985
浙江风景：奉化溪口风景,白术,975
三亚著名景点蜈支洲岛海边景色,羽毛球之友,3077
浙江风景：奉化溪口风景,白术,975
相约上海周边游 风景名胜怡心情,看看新闻,0
高清风景图片赏析：周庄风景,我相信自由,83
原来风景还可以这么美！《V拉力赛车4》快来看看公园,锐派游戏Replays,16
内蒙古包头九峰山自然风光的双塔景色,聊胜,37
广东风景：广州增城风景,童宝每天的有趣视频,2264
风景视频，旅游风光！,以其有,100
新疆风景：喀什风景,感情号,1116
许昌风景-鹿鸣湖美景,SNCEL视频,677
贵州风景：织金洞风景,感情号,469
随手拍的一段风景,放逐的怪咖,517
航拍旅途风景，乡村景色,小妮爱分享,49
云南风景：丽江古城风景,童宝每天的有趣视频,501
风景实拍自然景色花鸟,愉愈,99
美好的风景,身边随意风,49
风景赏析：泰山旅游风景,朝朝暮暮的视界,862
美好的风景,TT浅笑,25
写实油画风景,艺考查查,96
意大利风景：庞贝古城风景,爱笑爱酷,37
有山有水好风景,唐尧毛竹,1
风景一般,车影联盟,12
香港的摩天轮，长这么大第一次玩，上到顶端的风景最好,小弟啦,1
马尔代夫：海底世界音乐风景,恍如隔世阑珊,135
海边景色，风光无限,婷儿影娱,3万
休斯敦风光风景音乐,恍如隔世阑珊,233
白墙黛瓦风景宜人，美丽乡村，每一处都是风景真好看！,贰菜一汤,204
路上美丽风景 双虹,360行车记录仪,40
贵州沿路风景，在外打拼的你想念家乡的风景么,都云湾,0
西藏风景：扎尕那风景,宝宝的日常生活记录,235
水彩风景长城风景,艺伙V课,412
广西风景：姑婆山风景,宝宝的日常生活记录,863
瑞士风景：伯尔尼风景,童宝每天的有趣视频,969
画风景画最重要的是对准景物的轮廓！,碎沫简笔画,5649
南滨路风景,爱分享达人,224
庐山西海风景,开心,107
航拍度假村风景，乡村景色,小妮爱分享,33
四川风景：西岭雪山风景,宝宝的日常生活记录,371
西藏风景：岗巴日出风景,未央前程,125
被遗忘的风景,西北骄,15
花园的风景,一段不合适,325
西藏风景：思金拉措风景,爱笑爱酷,597
龙鳌河风景,单位趣事,85
风景太好了农村风光,平南美食,26
生活分享：从友谊医院开始到王府井，一路风景记录，逛北京夜市！,曦酱的生活分享,4
风景在远方,提着单反看世界,35
铅笔风景画，码头风光,梅梅的绘画小室,644
铅笔风景画教学小镇景色,梅梅的绘画小室,1万
大理苍山风景,农村帽子哥,117
风景：毛里求斯风景图集,天空之美丽,322
香格里拉风景,小费观世界,66
瑞士风景：图恩湖风景,白术,315
张家界风景,在线视频播放,274
用我们的手机也能拍出美丽的风景，关键是记住这几个要点,超级点子王,27
南非风景：德拉肯斯风景,pinkboy,26
路上美丽风景 想调头？这条路这辈子都不可能调头,夏爱话残,0
甘肃风景：阿万仓风景,感情号,376
张家界风景,卖得一首好萌,170
铅笔风景画教学小镇景色,梅梅的绘画小室,1万
南非风景：德拉肯斯风景,pinkboy,26
国外优秀铅笔风景画欣赏《湖边景色》,梅梅的绘画小室,1885
西藏风景：思金拉措风景 0,这里住着预言家,89
四川风景：米亚罗风景,童宝每天的有趣视频,699
安徽风景：黄山风景,我是可爱小天使,183
白石岩风景,情牵上海,10
恋恋风景《颤抖吧阿部之朵星风云》片尾曲安悦溪 郑业成,酷儿新歌分享,8
西藏风景：冰雪风景,感情号,66
上海外滩风景,成熟真诚的心,281
耒阳河风景,龙哥电影必是精品,741
最贵的瀑布一小时800元水电费，场面壮观，网友：煞人的风景,一棵树看视界,1
华南故乡风光景色,粤潮行,101
石刀山风景,东227080369,149
神农架风景,神农架逸林居,3655
韩国风景：济州岛风景,pinkboy,420
武功山风景,玩走户外,420
世界风景：新西兰风景,我是可爱小天使,76
在双凤看合肥风景,一剑无血,92
竹筏体验，欣赏全程风景，可惜有点雾霾，不过小伙伴们还是很开心,纪录人生,16
沙漠里别样的风景，成为众人都惊叹的造诣,子夜佳歌落,0
图恩湖风景,朝朝暮暮的视界,30
长江口风景,农民视野,87
中条山风景,禹皇微视,137
雪山飞狐风景,微课堂小龙,70
杭州西湖风景,不知名的tu,94
好风景在路上｜四川省阿坝藏族羌族自治州若尔盖县路边美丽风景,西双后院,61
风景延时摄影,传媒青年WHUC,46
第一次听就彻底爱上了！都是最近网络上的神曲,风景精选,15
美国风景：华盛顿风景,张聊会计做账的步骤,522
醴陵市风景,傲世音乐,487
加拿大落基山迷人风景风景 & 音乐短片,抗拒诱惑,91
夏日纳凉 热舞成风景,梦泽晨歌,19
南岸嘴风景,休闲娱乐看世界,43
黔西南风景,胜钰土豆1573,769
日本风景：奈良风景,pinkboy,193
建筑工地，风景,嘻嘻小段子,119
日本风景：宫岛风景,未央前程,79
风景好美配上风景,雨田看世界,143
捷克风景：卡罗维发利风景,白术,128
海岸线美景风光，好美！,看起来不一般,65
,,
,,
,,
西河风景,趣传播,5
